TaskName,GenerationTime,TaskID,TaskSize,CyclesPerBit,TransBitRate,DDL,SrcName,DstName
t0,0,0,70,8,37,51,n3,n6
t1,4,1,83,2,33,88,n0,n5
t2,7,2,51,3,62,54,n2,n9
t3,9,3,21,9,27,92,n1,n5
t4,11,4,67,2,40,81,n6,n4
t5,11,5,90,6,77,92,n1,n7
t6,12,6,25,1,22,67,n4,n6
t7,13,7,98,3,68,63,n3,n7
t8,13,8,94,6,33,88,n3,n7
t9,16,9,52,9,69,57,n7,n8
t10,18,10,52,1,37,85,n4,n7
t11,18,11,51,3,65,86,n3,n0
t12,22,12,96,6,67,89,n1,n7
t13,23,13,16,6,63,99,n9,n9
t14,24,14,53,10,53,50,n4,n6
t15,29,15,30,2,39,82,n7,n4
t16,36,16,23,6,45,57,n4,n7
t17,36,17,89,9,28,52,n6,n4
t18,41,18,18,4,54,62,n9,n0
t19,45,19,34,10,50,92,n1,n2
t20,46,20,55,5,21,66,n0,n4
t21,49,21,84,7,65,67,n7,n7
t22,50,22,40,4,42,58,n1,n4
t23,53,23,16,3,80,72,n5,n0
t24,54,24,94,7,48,71,n1,n6
t25,54,25,92,1,65,90,n6,n4
t26,57,26,26,8,78,53,n8,n8
t27,61,27,32,8,53,70,n1,n0
t28,61,28,86,5,37,65,n7,n9
t29,68,29,96,9,40,77,n4,n2
t30,68,30,78,9,37,72,n2,n5
t31,69,31,62,9,22,73,n1,n5
t32,77,32,49,10,65,95,n1,n4
t33,78,33,67,6,32,100,n5,n4
t34,85,34,63,1,79,97,n7,n0
t35,86,35,29,6,24,69,n3,n8
t36,87,36,37,7,46,91,n6,n2
t37,88,37,59,8,52,62,n9,n4
t38,94,38,94,4,24,83,n5,n7
t39,94,39,35,7,77,79,n2,n9
t40,95,40,77,3,49,63,n5,n7
t41,98,41,62,2,39,77,n6,n5
t42,101,42,24,10,34,77,n0,n5
t43,106,43,72,2,66,81,n6,n5
t44,107,44,38,1,54,64,n8,n5
t45,107,45,96,5,44,91,n2,n6
t46,107,46,59,10,73,90,n0,n9
t47,109,47,31,1,34,61,n4,n2
t48,125,48,79,5,29,70,n9,n5
t49,128,49,91,5,56,80,n2,n3
t50,128,50,99,2,57,70,n7,n5
t51,131,51,98,6,28,98,n0,n3
t52,132,52,80,3,71,98,n2,n0
t53,136,53,15,10,70,54,n5,n7
t54,136,54,22,10,30,91,n8,n3
t55,138,55,46,10,34,79,n8,n6
t56,143,56,78,4,35,62,n3,n8
t57,146,57,22,4,69,69,n6,n6
t58,149,58,22,1,72,73,n9,n2
t59,151,59,82,3,44,90,n4,n9
t60,158,60,36,10,29,55,n1,n8
t61,160,61,60,6,64,82,n1,n2
t62,165,62,64,4,40,56,n3,n5
t63,165,63,46,8,30,94,n9,n4
t64,165,64,73,8,47,80,n7,n3
t65,171,65,17,8,65,79,n5,n8
t66,171,66,95,9,61,87,n2,n0
t67,172,67,48,1,67,54,n9,n1
t68,176,68,69,2,77,70,n8,n5
t69,182,69,42,9,69,52,n7,n7
t70,182,70,28,3,55,52,n7,n1
t71,183,71,17,9,64,89,n8,n4
t72,187,72,86,7,77,94,n9,n6
t73,195,73,23,7,33,53,n5,n4
t74,197,74,69,6,65,75,n9,n5
t75,197,75,38,5,34,66,n8,n3
t76,201,76,29,3,70,94,n5,n0
t77,203,77,14,1,29,52,n7,n5
t78,206,78,34,5,32,96,n6,n4
t79,208,79,69,10,62,81,n2,n4
t80,208,80,51,1,53,79,n9,n5
t81,208,81,26,5,28,55,n6,n2
t82,212,82,25,2,35,63,n8,n6
t83,213,83,99,3,48,61,n7,n7
t84,222,84,78,5,44,91,n7,n8
t85,223,85,18,10,23,76,n6,n5
t86,227,86,96,6,58,75,n9,n8
t87,231,87,58,7,22,79,n0,n5
t88,231,88,38,10,71,74,n0,n1
t89,234,89,49,6,45,53,n9,n7
t90,234,90,83,10,43,50,n0,n1
t91,236,91,98,6,31,83,n6,n1
t92,239,92,55,2,31,66,n0,n0
t93,239,93,11,9,46,87,n0,n8
t94,241,94,52,6,55,58,n9,n3
t95,242,95,60,2,64,57,n5,n3
t96,244,96,36,9,56,87,n6,n9
t97,244,97,80,7,80,89,n4,n1
t98,246,98,53,10,44,59,n0,n7
t99,248,99,72,7,55,98,n8,n7
t100,252,100,26,4,57,61,n9,n9
t101,253,101,59,10,27,96,n5,n3
t102,253,102,27,2,40,92,n2,n1
t103,254,103,91,6,71,51,n8,n9
t104,254,104,87,3,28,91,n3,n3
t105,260,105,42,8,79,91,n6,n1
t106,263,106,51,5,68,91,n2,n9
t107,264,107,54,2,58,58,n4,n0
t108,266,108,69,1,35,56,n0,n7
t109,266,109,13,5,61,95,n7,n7
t110,268,110,11,1,31,82,n0,n0
t111,274,111,93,5,71,81,n2,n8
t112,277,112,82,9,20,88,n1,n7
t113,278,113,84,2,24,78,n9,n3
t114,278,114,12,2,48,95,n6,n8
t115,281,115,12,8,42,77,n7,n8
t116,284,116,74,3,22,90,n6,n0
t117,285,117,17,3,30,54,n2,n5
t118,287,118,95,3,24,83,n2,n9
t119,290,119,78,4,31,97,n2,n3
t120,291,120,21,5,23,50,n1,n2
t121,294,121,75,10,52,87,n1,n3
t122,297,122,33,8,59,91,n1,n7
t123,297,123,78,1,33,70,n0,n5
t124,300,124,64,2,50,51,n8,n1
t125,303,125,99,8,48,65,n0,n1
t126,303,126,27,5,49,75,n7,n7
t127,308,127,63,7,75,64,n8,n0
t128,309,128,95,3,33,95,n4,n8
t129,309,129,47,7,46,76,n5,n0
t130,309,130,10,8,32,94,n7,n0
t131,311,131,37,5,21,61,n2,n7
t132,314,132,35,10,36,64,n5,n1
t133,314,133,19,5,35,52,n2,n4
t134,315,134,99,6,47,78,n0,n9
t135,315,135,18,8,38,93,n0,n5
t136,321,136,44,9,36,60,n1,n2
t137,324,137,24,6,41,61,n5,n3
t138,325,138,72,7,74,79,n5,n9
t139,333,139,16,5,42,74,n6,n3
t140,336,140,97,3,76,86,n7,n1
t141,341,141,70,4,39,75,n4,n9
t142,349,142,20,3,50,86,n4,n4
t143,350,143,62,3,20,97,n0,n8
t144,353,144,13,10,75,98,n1,n5
t145,355,145,33,10,24,70,n2,n9
t146,357,146,25,1,26,51,n0,n9
t147,357,147,100,4,62,75,n2,n8
t148,361,148,25,10,63,54,n0,n5
t149,361,149,97,5,21,57,n5,n8
t150,362,150,32,9,73,66,n6,n9
t151,362,151,26,4,35,78,n6,n8
t152,364,152,99,8,76,82,n8,n0
t153,368,153,12,7,33,55,n6,n1
t154,371,154,86,2,23,75,n7,n0
t155,372,155,23,9,28,67,n3,n1
t156,374,156,64,5,27,95,n0,n3
t157,375,157,34,7,76,73,n9,n3
t158,378,158,61,6,24,85,n0,n3
t159,383,159,67,4,79,57,n6,n8
t160,385,160,30,3,68,89,n8,n6
t161,385,161,51,5,66,69,n7,n0
t162,385,162,23,10,77,65,n1,n4
t163,386,163,65,9,48,87,n8,n7
t164,389,164,81,5,23,100,n8,n9
t165,391,165,19,1,67,79,n8,n6
t166,394,166,14,3,38,95,n0,n5
t167,394,167,77,7,50,67,n4,n2
t168,395,168,77,1,39,72,n2,n6
t169,398,169,82,5,21,59,n5,n1
t170,404,170,63,7,64,57,n2,n0
t171,405,171,78,6,40,73,n9,n3
t172,410,172,48,9,68,65,n7,n3
t173,412,173,20,6,23,81,n0,n4
t174,418,174,24,9,27,72,n6,n3
t175,424,175,21,7,31,51,n9,n8
t176,435,176,84,8,43,62,n2,n1
t177,435,177,72,5,28,75,n7,n1
t178,438,178,64,5,49,69,n6,n7
t179,442,179,10,4,31,80,n5,n3
t180,446,180,65,3,60,99,n0,n4
t181,453,181,86,3,28,79,n7,n5
t182,455,182,59,2,66,96,n6,n9
t183,458,183,18,3,25,91,n9,n8
t184,459,184,18,1,71,92,n1,n4
t185,460,185,19,9,31,84,n1,n9
t186,461,186,10,10,63,98,n6,n2
t187,465,187,12,10,32,67,n0,n8
t188,465,188,72,9,33,59,n8,n0
t189,465,189,29,6,68,61,n6,n4
t190,468,190,70,10,66,68,n6,n7
t191,476,191,87,2,37,91,n5,n1
t192,477,192,80,2,22,82,n4,n6
t193,477,193,44,4,77,67,n2,n6
t194,480,194,38,10,49,77,n2,n0
t195,481,195,36,10,60,51,n1,n5
t196,483,196,97,3,49,61,n1,n9
t197,484,197,19,3,40,75,n7,n6
t198,487,198,74,5,32,90,n4,n7
t199,492,199,96,7,68,99,n7,n9
t200,495,200,91,7,59,65,n0,n1
t201,500,201,64,9,75,83,n1,n2
t202,505,202,87,7,49,64,n2,n3
t203,506,203,67,9,44,74,n8,n3
t204,517,204,84,2,20,74,n2,n5
t205,518,205,77,1,69,84,n8,n9
t206,526,206,25,5,72,95,n2,n5
t207,529,207,45,9,55,52,n0,n3
t208,530,208,58,10,65,69,n1,n5
t209,531,209,27,3,74,53,n0,n5
t210,532,210,30,1,77,78,n8,n0
t211,532,211,55,7,69,59,n9,n5
t212,535,212,51,4,62,79,n8,n8
t213,542,213,70,5,77,80,n1,n5
t214,545,214,14,1,41,64,n5,n1
t215,548,215,20,7,76,95,n3,n0
t216,552,216,89,1,55,69,n1,n4
t217,552,217,23,10,49,65,n0,n2
t218,553,218,31,4,47,66,n2,n9
t219,555,219,75,4,47,57,n5,n0
t220,570,220,26,8,29,92,n5,n9
t221,571,221,21,8,46,59,n6,n6
t222,572,222,12,3,66,77,n0,n1
t223,573,223,61,1,23,90,n0,n5
t224,577,224,62,7,50,59,n5,n2
t225,579,225,47,4,31,63,n2,n6
t226,579,226,28,5,74,72,n4,n9
t227,579,227,35,4,76,54,n5,n8
t228,584,228,37,9,60,51,n8,n5
t229,584,229,75,2,75,63,n1,n4
t230,585,230,27,9,48,77,n9,n2
t231,588,231,74,5,70,92,n5,n1
t232,589,232,46,9,35,56,n2,n8
t233,594,233,85,6,78,86,n7,n1
t234,596,234,54,1,68,86,n9,n5
t235,600,235,44,9,25,62,n3,n7
t236,600,236,88,7,39,99,n0,n3
t237,601,237,56,5,27,79,n1,n8
t238,605,238,93,5,64,77,n7,n3
t239,608,239,16,10,79,58,n7,n6
t240,608,240,43,1,51,61,n4,n6
t241,611,241,77,2,51,79,n2,n2
t242,615,242,35,1,26,53,n5,n9
t243,619,243,18,2,52,54,n3,n4
t244,620,244,16,4,36,84,n2,n0
t245,622,245,14,1,52,61,n5,n0
t246,623,246,45,9,22,67,n8,n1
t247,629,247,57,2,75,64,n5,n5
t248,631,248,95,3,48,60,n2,n6
t249,636,249,58,5,61,84,n3,n3
t250,637,250,12,8,40,59,n5,n7
t251,640,251,49,9,49,52,n3,n1
t252,646,252,67,5,41,85,n8,n9
t253,646,253,23,5,43,84,n0,n7
t254,647,254,13,8,58,76,n3,n7
t255,650,255,77,10,74,72,n4,n7
t256,651,256,96,2,47,59,n0,n3
t257,660,257,13,1,39,79,n8,n3
t258,661,258,14,5,34,84,n7,n0
t259,664,259,59,1,78,63,n2,n9
t260,670,260,34,2,34,74,n2,n0
t261,670,261,64,7,54,96,n2,n4
t262,672,262,90,10,47,50,n2,n2
t263,673,263,20,10,48,79,n9,n9
t264,673,264,60,9,57,81,n8,n3
t265,673,265,94,3,69,85,n7,n8
t266,673,266,16,6,53,84,n6,n1
t267,677,267,78,3,34,80,n6,n3
t268,678,268,42,5,30,51,n1,n6
t269,684,269,75,9,40,88,n4,n2
t270,685,270,97,9,66,74,n5,n5
t271,686,271,24,4,34,90,n3,n0
t272,687,272,21,5,78,67,n6,n1
t273,689,273,38,7,33,87,n2,n2
t274,692,274,68,1,70,94,n2,n1
t275,696,275,34,7,66,57,n2,n3
t276,701,276,18,5,58,65,n8,n2
t277,706,277,54,4,60,79,n5,n1
t278,706,278,79,2,44,73,n9,n8
t279,707,279,17,4,21,51,n1,n7
t280,708,280,22,9,23,55,n2,n3
t281,709,281,95,9,56,96,n8,n0
t282,711,282,84,5,30,94,n2,n8
t283,712,283,34,9,70,64,n3,n8
t284,713,284,64,9,58,52,n1,n2
t285,714,285,30,7,71,94,n5,n3
t286,714,286,76,1,22,84,n3,n2
t287,716,287,89,5,51,93,n7,n3
t288,717,288,53,4,21,93,n2,n6
t289,718,289,84,7,60,86,n0,n4
t290,721,290,11,8,21,57,n6,n1
t291,722,291,42,8,32,85,n0,n3
t292,722,292,88,2,28,54,n5,n7
t293,728,293,91,1,38,64,n2,n9
t294,732,294,57,6,48,80,n0,n9
t295,736,295,58,1,31,94,n9,n7
t296,742,296,62,7,62,97,n3,n1
t297,744,297,51,9,61,100,n5,n4
t298,745,298,97,10,59,59,n2,n3
t299,747,299,59,2,43,82,n2,n1
t300,747,300,88,1,64,85,n6,n6
t301,748,301,48,1,60,78,n5,n7
t302,755,302,73,9,29,90,n5,n3
t303,756,303,97,3,71,91,n0,n0
t304,759,304,43,9,79,53,n1,n5
t305,760,305,86,10,74,85,n7,n1
t306,766,306,30,9,55,99,n3,n9
t307,775,307,86,8,29,66,n8,n7
t308,779,308,55,5,39,81,n5,n1
t309,786,309,36,2,77,68,n4,n6
t310,786,310,14,10,80,72,n7,n0
t311,787,311,22,5,27,57,n5,n2
t312,789,312,73,10,68,96,n4,n9
t313,797,313,49,2,79,61,n1,n8
t314,799,314,38,3,54,60,n0,n8
t315,811,315,24,10,70,81,n7,n8
t316,813,316,72,7,58,99,n6,n2
t317,815,317,85,7,38,83,n0,n0
t318,815,318,79,10,40,58,n6,n4
t319,819,319,19,2,50,61,n7,n0
t320,820,320,31,8,78,73,n2,n9
t321,822,321,27,4,67,78,n6,n6
t322,822,322,30,7,61,62,n6,n0
t323,823,323,87,6,42,74,n5,n0
t324,828,324,66,5,55,86,n6,n3
t325,832,325,20,1,25,50,n3,n9
t326,833,326,20,1,58,78,n0,n6
t327,834,327,46,4,51,74,n2,n8
t328,838,328,50,5,66,83,n8,n5
t329,839,329,68,10,33,97,n6,n9
t330,839,330,15,3,46,86,n9,n5
t331,843,331,58,8,63,94,n1,n9
t332,845,332,54,3,80,94,n5,n7
t333,846,333,48,5,23,67,n4,n9
t334,849,334,12,1,80,77,n6,n0
t335,850,335,27,5,74,76,n6,n8
t336,858,336,97,7,67,87,n7,n9
t337,861,337,26,9,66,72,n4,n1
t338,865,338,67,9,29,54,n9,n2
t339,868,339,10,10,50,84,n7,n1
t340,868,340,54,4,63,86,n3,n8
t341,875,341,38,7,45,53,n6,n1
t342,876,342,84,2,31,59,n8,n4
t343,876,343,89,1,72,70,n0,n7
t344,878,344,35,4,56,96,n9,n1
t345,880,345,96,3,59,68,n1,n3
t346,883,346,16,5,69,98,n8,n6
t347,885,347,65,2,57,93,n6,n3
t348,885,348,79,10,66,98,n6,n0
t349,886,349,76,5,37,70,n7,n9
t350,887,350,30,2,67,69,n2,n4
t351,887,351,24,9,57,89,n8,n5
t352,887,352,51,6,62,57,n1,n0
t353,890,353,58,1,66,93,n0,n5
t354,891,354,52,10,70,75,n8,n4
t355,893,355,82,5,51,86,n6,n5
t356,898,356,69,9,58,91,n4,n3
t357,900,357,57,4,47,61,n9,n1
t358,901,358,16,8,70,70,n7,n3
t359,903,359,21,10,59,77,n4,n7
t360,907,360,15,6,35,60,n2,n7
t361,907,361,15,10,42,75,n1,n3
t362,911,362,62,10,63,94,n8,n3
t363,913,363,20,5,37,78,n0,n9
t364,914,364,37,10,57,85,n0,n1
t365,915,365,39,6,39,71,n9,n0
t366,916,366,34,9,32,93,n4,n4
t367,916,367,88,8,72,84,n6,n3
t368,916,368,10,2,75,56,n0,n3
t369,917,369,25,6,79,51,n3,n8
t370,918,370,88,6,69,97,n1,n6
t371,921,371,31,7,75,82,n3,n9
t372,924,372,69,6,79,95,n5,n6
t373,925,373,16,7,55,72,n8,n3
t374,927,374,44,7,55,61,n9,n7
t375,933,375,38,2,80,82,n9,n0
t376,936,376,61,9,26,77,n6,n8
t377,939,377,41,5,80,86,n1,n1
t378,941,378,25,4,45,68,n6,n2
t379,946,379,34,2,71,51,n8,n5
t380,947,380,55,10,64,63,n2,n0
t381,947,381,65,1,36,66,n1,n7
t382,951,382,21,1,38,52,n6,n5
t383,953,383,80,6,59,97,n6,n5
t384,956,384,21,6,78,69,n5,n5
t385,959,385,88,4,36,50,n6,n0
t386,960,386,83,5,63,77,n5,n6
t387,962,387,24,8,34,66,n3,n2
t388,964,388,43,1,67,83,n0,n9
t389,964,389,92,2,48,55,n0,n5
t390,967,390,37,6,61,66,n5,n3
t391,970,391,10,4,41,84,n8,n7
t392,971,392,95,5,37,89,n2,n8
t393,974,393,92,1,35,69,n2,n2
t394,975,394,19,7,53,50,n5,n4
t395,976,395,65,10,70,81,n5,n2
t396,981,396,72,9,36,60,n5,n5
t397,983,397,54,9,53,96,n6,n8
t398,983,398,86,8,33,50,n6,n8
t399,985,399,61,5,45,52,n8,n3
